Name,Intelligence,Strength,Speed,Durability,Power,Combat,Total,Gender,Alignment,Publisher
3-D Man,50.0,31.0,43.0,32.0,25.0,52.0,233.0,,,
A-Bomb,38.0,100.0,17.0,80.0,17.0,64.0,316.0,Male,Good,Marvel
Abe Sapien,88.0,14.0,35.0,42.0,35.0,85.0,299.0,Male,Good,Other
Abin Sur,50.0,90.0,53.0,64.0,84.0,65.0,406.0,Male,Good,DC
Abomination,63.0,80.0,53.0,90.0,55.0,95.0,436.0,Male,Other,Marvel
Abraxas,88.0,100.0,83.0,99.0,100.0,56.0,526.0,Male,Bad,Marvel
Adam Monroe,63.0,10.0,12.0,100.0,71.0,64.0,320.0,Male,Good,Other
Adam Strange,,,,,,,,Male,Good,DC
Agent  13,,,,,,,,,,
Agent Bob,10.0,8.0,13.0,5.0,5.0,20.0,61.0,Male,Good,Marvel
Agent Zero,75.0,28.0,38.0,80.0,72.0,95.0,388.0,Male,Good,Marvel
Air-Walker,50.0,85.0,100.0,85.0,100.0,40.0,460.0,Male,Bad,Marvel
Alan Scott,63.0,80.0,23.0,90.0,98.0,32.0,386.0,Male,Good,DC
Alex Woolsly,,,,,,,,Male,Good,Other
Alfred Pennyworth,63.0,10.0,17.0,10.0,7.0,55.0,162.0,Male,Good,DC
Allan Quatermain,,,,,,,,Male,Good,Other
Amazo,75.0,100.0,100.0,100.0,100.0,100.0,575.0,Male,Bad,Marvel
Ammo,,,,,,,,Male,Bad,Marvel
Ando Masahashi,,,,,,,,Male,Good,Other
Angel,63.0,13.0,46.0,64.0,17.0,42.0,245.0,Male,Good,Marvel
Angel Salvadore,38.0,10.0,28.0,28.0,46.0,60.0,210.0,Female,Good,Marvel
Angela,,,,,,,,Female,Other,Marvel
Animal Man,56.0,48.0,47.0,85.0,73.0,80.0,389.0,Male,Good,DC
Annihilus,75.0,80.0,47.0,56.0,59.0,64.0,381.0,Male,Other,Marvel
Ant-Man,100.0,10.0,23.0,28.0,32.0,32.0,225.0,Male,Good,Marvel
Ant-Man II,63.0,10.0,23.0,28.0,32.0,28.0,184.0,Male,Good,Marvel
Anti-Monitor,88.0,90.0,38.0,90.0,100.0,90.0,496.0,Male,Bad,DC
Anti-Spawn,,,,,,,,Male,Bad,Other
Anti-Venom,75.0,60.0,65.0,90.0,85.0,84.0,459.0,Other,Good,Marvel
Apocalypse,100.0,100.0,33.0,100.0,100.0,60.0,493.0,Male,Bad,Marvel
Aquababy,10.0,16.0,12.0,14.0,37.0,14.0,103.0,Male,Good,DC
Aqualad,63.0,44.0,42.0,75.0,76.0,60.0,360.0,Male,Good,DC
Aquaman,63.0,80.0,50.0,80.0,65.0,80.0,418.0,Male,Good,DC
Arachne,,,,,,,,Female,Bad,Marvel
Archangel,63.0,13.0,58.0,64.0,28.0,42.0,268.0,Male,Good,Marvel
Arclight,38.0,63.0,23.0,42.0,52.0,70.0,288.0,Female,Bad,Marvel
Ares,75.0,82.0,35.0,80.0,62.0,101.0,435.0,Male,Other,Marvel
Ariel,50.0,10.0,12.0,14.0,72.0,28.0,186.0,Male,Good,Marvel
Armor,50.0,63.0,12.0,80.0,55.0,54.0,314.0,Female,Good,Marvel
Arsenal,,,,,,,,Male,Bad,Marvel
Astro Boy,,,,,,,,Male,Good,Other
Atlas,50.0,80.0,23.0,99.0,69.0,42.0,363.0,Male,Other,Marvel
Atom,,,,,,,,Male,Good,DC
Atom Girl,38.0,10.0,23.0,28.0,38.0,42.0,179.0,Female,Good,DC
Atom I,,,,,,,,,,
Atom II,,,,,,,,Male,Good,DC
Atom III,,,,,,,,Male,Good,DC
Atom IV,,,,,,,,Male,Good,DC
Aurora,50.0,15.0,83.0,56.0,69.0,56.0,329.0,Female,Bad,DC
Azazel,50.0,11.0,47.0,95.0,87.0,80.0,370.0,Male,Good,Marvel
Azrael,63.0,18.0,17.0,20.0,35.0,80.0,233.0,Male,Other,DC
Aztar,,,,,,,,Male,Good,DC
Bane,88.0,53.0,23.0,56.0,51.0,95.0,366.0,Male,Bad,DC
Banshee,50.0,10.0,58.0,42.0,60.0,70.0,290.0,Male,Good,Marvel
Bantam,25.0,53.0,23.0,54.0,21.0,56.0,232.0,Male,Good,Marvel
Batgirl I,,,,,,,,,,
Batgirl II,,,,,,,,,,
Batgirl III,,,,,,,,Female,Good,DC
Batgirl IV,69.0,12.0,27.0,56.0,42.0,100.0,306.0,Female,Good,DC
Batgirl V,,,,,,,,Female,Good,DC
Batgirl VI,75.0,10.0,23.0,28.0,22.0,80.0,238.0,Female,Good,DC
Batman,100.0,18.0,27.0,42.0,37.0,100.0,324.0,Male,Good,DC
Batman II,88.0,11.0,33.0,28.0,36.0,100.0,296.0,Male,Good,DC
Battlestar,50.0,53.0,35.0,74.0,48.0,74.0,334.0,Male,Good,Marvel
Beak,,,,,,,,Male,Bad,Marvel
Beast,88.0,48.0,35.0,56.0,35.0,84.0,346.0,Male,Good,DC
Beast Boy,50.0,28.0,50.0,70.0,79.0,40.0,317.0,Male,Good,DC
Beetle,,,,,,,,Male,Bad,Marvel
Ben 10,10.0,7.0,8.0,10.0,90.0,40.0,165.0,Male,Good,DC
Beta Ray Bill,63.0,80.0,35.0,95.0,100.0,84.0,457.0,Male,Good,Marvel
Beyonder,88.0,100.0,23.0,100.0,100.0,56.0,467.0,Male,Other,Marvel
Big Barda,63.0,90.0,23.0,85.0,42.0,72.0,375.0,Female,Good,DC
Big Daddy,38.0,10.0,12.0,32.0,22.0,64.0,178.0,Male,Good,Other
Big Man,75.0,12.0,23.0,28.0,19.0,70.0,227.0,Male,Bad,Marvel
Bill Harken,63.0,36.0,33.0,60.0,23.0,40.0,255.0,Male,Good,Other
Billy Kincaid,,,,,,,,Male,Bad,Other
Binary,,,,,,,,Female,Good,Marvel
Bird-Brain,25.0,10.0,35.0,28.0,21.0,42.0,161.0,Male,Good,Marvel
Bird-Man,,,,,,,,Male,Bad,Marvel
Bird-Man II,,,,,,,,Male,Bad,Marvel
Birdman,,,,,,,,Male,Good,Other
Bishop,63.0,14.0,23.0,75.0,85.0,65.0,325.0,Male,Good,Marvel
Bizarro,75.0,95.0,100.0,100.0,95.0,85.0,550.0,Male,Other,DC
Black Abbott,,,,,,,,Male,Bad,Marvel
Black Adam,88.0,100.0,92.0,100.0,89.0,56.0,525.0,Male,Bad,DC
Black Bolt,75.0,67.0,100.0,84.0,100.0,56.0,482.0,Male,Good,Marvel
Black Canary I,,,,,,,,,,
Black Canary II,,,,,,,,,,
Black Cat,75.0,16.0,33.0,10.0,23.0,70.0,227.0,Female,Good,Marvel
Black Goliath,,,,,,,,Male,Good,Marvel
Black Knight III,63.0,10.0,8.0,70.0,43.0,70.0,264.0,Male,Good,Marvel
Black Lightning,50.0,11.0,53.0,28.0,70.0,75.0,287.0,Male,Good,DC
Black Mamba,75.0,10.0,35.0,42.0,78.0,65.0,305.0,Male,Bad,Marvel
Black Panther,88.0,16.0,30.0,60.0,41.0,100.0,335.0,Male,Good,Marvel
Black Widow,75.0,13.0,27.0,32.0,32.0,100.0,279.0,Female,Other,Marvel
Black Widow II,,,,,,,,Female,Good,Marvel
Blackout,63.0,32.0,45.0,80.0,38.0,65.0,323.0,Male,Bad,Marvel
Blackwing,38.0,10.0,35.0,32.0,20.0,56.0,191.0,Female,Bad,Marvel
Blackwulf,50.0,28.0,8.0,30.0,59.0,25.0,200.0,Male,Other,Marvel
Blade,63.0,28.0,38.0,50.0,33.0,90.0,302.0,Male,Bad,DC
Blaquesmith,,,,,,,,Other,Good,Marvel
Bling!,69.0,14.0,12.0,90.0,52.0,28.0,265.0,Female,Good,Marvel
Blink,50.0,8.0,20.0,28.0,55.0,64.0,225.0,Female,Good,Marvel
Blizzard,,,,,,,,Male,Bad,DC
Blizzard I,,,,,,,,,,
Blizzard II,38.0,10.0,27.0,42.0,47.0,56.0,220.0,Male,Bad,Marvel
Blob,10.0,83.0,23.0,95.0,26.0,72.0,309.0,Male,Bad,Marvel
Bloodaxe,63.0,80.0,33.0,80.0,84.0,84.0,424.0,Female,Bad,Marvel
Bloodhawk,50.0,10.0,50.0,80.0,66.0,64.0,320.0,Male,Good,Marvel
Bloodwraith,,,,,,,,Male,Bad,Marvel
Blue Beetle,,,,,,,,Male,Good,DC
Blue Beetle I,,,,,,,,,,
Blue Beetle II,,,,,,,,Male,Good,DC
Blue Beetle III,50.0,34.0,58.0,80.0,97.0,30.0,349.0,Male,Good,DC
Bolt,,,,,,,,Male,Good,Marvel
Bomb Queen,,,,,,,,Female,Bad,Other
Boom Boom,38.0,10.0,12.0,42.0,56.0,64.0,222.0,,,
Boomer,,,,,,,,Male,Good,Marvel
Booster Gold,56.0,85.0,53.0,50.0,72.0,40.0,356.0,Male,Good,DC
Box,,,,,,,,Male,Good,Marvel
Box III,,,,,,,,Other,Good,Marvel
Box IV,50.0,75.0,23.0,28.0,11.0,56.0,243.0,Other,Good,Marvel
Brainiac,100.0,28.0,63.0,90.0,60.0,75.0,416.0,Male,Bad,DC
Brainiac 5,100.0,10.0,23.0,28.0,60.0,32.0,253.0,Male,Good,DC
Brother Voodoo,,,,,,,,Male,Good,Marvel
Bullseye,50.0,11.0,25.0,70.0,20.0,70.0,246.0,Male,Bad,Marvel
Bumblebee,63.0,28.0,25.0,10.0,45.0,35.0,206.0,Female,Good,DC
Bumbleboy,,,,,,,,Male,Good,Marvel
Bushido,38.0,10.0,8.0,10.0,19.0,70.0,155.0,Male,Good,DC
Cable,88.0,48.0,23.0,56.0,100.0,80.0,395.0,Male,Good,Marvel
Callisto,63.0,53.0,23.0,42.0,45.0,85.0,311.0,Female,Other,Marvel
Cameron Hicks,50.0,10.0,23.0,28.0,51.0,70.0,232.0,Male,Good,Other
Cannonball,50.0,28.0,67.0,99.0,79.0,56.0,379.0,Male,Good,Marvel
Captain America,63.0,19.0,35.0,56.0,46.0,100.0,319.0,Male,Good,Marvel
Captain Atom,,,,,,,,Male,Good,DC
Captain Britain,75.0,77.0,50.0,60.0,31.0,80.0,373.0,Male,Good,Marvel
Captain Epic,,,,,,,,Male,Good,Other
Captain Mar-vell,,,,,,,,Male,Good,Marvel
Captain Marvel,100.0,100.0,67.0,95.0,62.0,56.0,480.0,Male,Good,DC
Captain Marvel II,75.0,81.0,27.0,90.0,34.0,56.0,363.0,Male,Good,DC
Captain Planet,,,,,,,,Male,Good,Marvel
Captain Universe,,,,,,,,Other,Good,Marvel
Carnage,63.0,63.0,70.0,84.0,81.0,90.0,451.0,Other,Bad,Marvel
Cat,,,,,,,,Female,Good,Marvel
Cat II,,,,,,,,Female,Good,Marvel
Catwoman,63.0,13.0,33.0,28.0,24.0,85.0,246.0,Female,Other,DC
Cecilia Reyes,,,,,,,,Female,Good,Marvel
Century,88.0,80.0,53.0,64.0,74.0,100.0,459.0,Male,Good,Marvel
Cerebra,,,,,,,,Female,Good,Marvel
Chamber,50.0,10.0,20.0,80.0,57.0,64.0,281.0,Male,Good,Marvel
Chameleon,88.0,10.0,12.0,28.0,28.0,28.0,194.0,Male,Other,Marvel
Changeling,63.0,10.0,23.0,42.0,64.0,64.0,266.0,Male,Good,Marvel
Cheetah I,,,,,,,,,,
Cheetah II,,,,,,,,Female,Bad,DC
Cheetah III,,,,,,,,Female,Bad,DC
Chromos,,,,,,,,Male,Bad,Other
Chuck Norris,50.0,80.0,47.0,56.0,42.0,99.0,374.0,Male,Good,Other
Claire Bennet,38.0,9.0,12.0,100.0,73.0,28.0,260.0,Female,Good,Other
Clea,,,,,,,,Female,Good,Marvel
Cloak,63.0,10.0,47.0,64.0,74.0,56.0,314.0,Male,Good,Marvel
Cogliostro,,,,,,,,Male,Bad,Other
Colin Wagner,,,,,,,,Male,Good,Other
Colossal Boy,,,,,,,,Male,Good,DC
Colossus,63.0,83.0,33.0,100.0,46.0,80.0,405.0,Male,Other,Marvel
Corsair,,,,,,,,Male,Bad,Marvel
Crimson Crusader,,,,,,,,Male,Good,Marvel
Crimson Dynamo I,,,,,,,,,,
Crystal,63.0,16.0,12.0,14.0,57.0,56.0,218.0,Female,Good,Marvel
Curse,,,,,,,,Male,Bad,DC
Cy-Gor,,,,,,,,Male,Bad,Other
Cyborg,75.0,53.0,42.0,85.0,72.0,64.0,391.0,Male,Bad,Marvel
Cyborg Superman,75.0,93.0,92.0,100.0,100.0,80.0,540.0,Male,Bad,DC
Cyclops,75.0,10.0,23.0,42.0,76.0,80.0,306.0,Male,Good,Marvel
Cypher,,,,,,,,Other,Good,Marvel
Dagger,63.0,10.0,35.0,42.0,52.0,70.0,272.0,Male,Bad,Marvel
Danny Cooper,,,,,,,,Male,Good,Other
Daphne Powell,38.0,10.0,8.0,10.0,56.0,10.0,132.0,Female,Good,Other
Daredevil,75.0,13.0,27.0,28.0,57.0,95.0,295.0,Male,Good,Marvel
Darkhawk,50.0,32.0,33.0,70.0,74.0,64.0,323.0,Male,Good,Marvel
Darkman,75.0,14.0,23.0,85.0,12.0,28.0,237.0,Male,Good,Other
Darkseid,88.0,100.0,23.0,100.0,100.0,95.0,506.0,Male,Bad,DC
Darkside,,,,,,,,Other,Bad,Other
Darkstar,38.0,8.0,35.0,42.0,52.0,64.0,239.0,Female,Bad,DC
Dash,9.0,4.0,83.0,42.0,12.0,28.0,178.0,Male,Good,Other
Dazzler,63.0,10.0,35.0,42.0,64.0,56.0,270.0,Female,Good,Marvel
Deadman,50.0,10.0,33.0,100.0,100.0,42.0,335.0,Male,Good,DC
Deadpool,50.0,15.0,30.0,100.0,100.0,100.0,395.0,Male,Other,Marvel
Deadshot,50.0,10.0,23.0,28.0,47.0,80.0,238.0,Male,Bad,DC
Deathlok,69.0,32.0,30.0,70.0,40.0,60.0,301.0,Male,Other,Marvel
Deathstroke,75.0,30.0,35.0,100.0,36.0,90.0,366.0,Male,Other,DC
Demogoblin,50.0,48.0,42.0,35.0,54.0,60.0,289.0,Male,Other,Marvel
Destroyer,50.0,95.0,58.0,98.0,90.0,70.0,461.0,Male,Bad,Marvel
DL Hawkins,50.0,12.0,12.0,56.0,48.0,56.0,234.0,Male,Good,Other
Doc Samson,75.0,80.0,33.0,80.0,36.0,70.0,374.0,Male,Good,Marvel
Doctor Doom,100.0,32.0,20.0,100.0,93.0,84.0,429.0,Male,Bad,Marvel
Doctor Doom II,,32.0,,,,,,Male,Bad,Marvel
Doctor Fate,81.0,16.0,25.0,80.0,100.0,50.0,352.0,Male,Good,DC
Doctor Octopus,,,,,,,,Male,Bad,Marvel
Doctor Strange,100.0,10.0,12.0,84.0,100.0,60.0,366.0,Male,Good,Marvel
Domino,63.0,10.0,27.0,28.0,49.0,74.0,251.0,Female,Good,Marvel
Donna Troy,,,,,,,,Female,Good,DC
Doomsday,88.0,80.0,67.0,120.0,100.0,90.0,545.0,Male,Bad,DC
Doppelganger,8.0,63.0,60.0,95.0,62.0,84.0,372.0,Male,Bad,Marvel
Dormammu,88.0,95.0,83.0,100.0,100.0,80.0,546.0,Male,Bad,Marvel
Dr Manhattan,88.0,32.0,42.0,95.0,100.0,42.0,399.0,Male,Good,DC
Ego,88.0,80.0,83.0,99.0,71.0,28.0,449.0,Male,Bad,Marvel
Elastigirl,38.0,32.0,12.0,90.0,20.0,14.0,206.0,Female,Good,Other
Electro,69.0,10.0,50.0,56.0,67.0,64.0,316.0,Male,Good,Marvel
Elektra,63.0,11.0,30.0,28.0,59.0,100.0,291.0,Female,Good,Marvel
Elle Bishop,50.0,8.0,12.0,42.0,63.0,42.0,217.0,Female,Bad,Other
Elongated Man,38.0,10.0,27.0,90.0,41.0,42.0,248.0,Male,Good,DC
Emma Frost,75.0,63.0,35.0,90.0,82.0,42.0,387.0,Female,Other,Marvel
Energy,,,,,,,,Female,Good,Other
ERG-1,,,,,,,,Male,Good,DC
Evilhawk,50.0,32.0,33.0,70.0,78.0,64.0,327.0,Male,Bad,Marvel
Exodus,63.0,81.0,28.0,28.0,100.0,70.0,370.0,Male,Bad,Marvel
Fabian Cortez,,,,,,,,Male,Bad,Marvel
Falcon,38.0,13.0,50.0,28.0,22.0,64.0,215.0,Male,Good,Marvel
Fallen One II,88.0,85.0,83.0,100.0,100.0,56.0,512.0,Male,Bad,Marvel
Faora,88.0,95.0,75.0,100.0,87.0,90.0,535.0,Female,Bad,DC
Feral,38.0,28.0,45.0,28.0,20.0,70.0,229.0,Other,Good,Marvel
Fighting Spirit,,,,,,,,Female,Good,DC
Fin Fang Foom,50.0,81.0,23.0,100.0,68.0,70.0,392.0,Male,Bad,Marvel
Firebird,38.0,8.0,40.0,14.0,90.0,42.0,232.0,Female,Good,Marvel
Firelord,38.0,63.0,75.0,90.0,48.0,28.0,342.0,Other,Good,Marvel
Firestar,50.0,8.0,54.0,55.0,71.0,32.0,270.0,Female,Good,Marvel
Firestorm,50.0,53.0,58.0,56.0,100.0,42.0,359.0,Male,Good,DC
Fixer,,,,,,,,Other,Bad,Marvel
Flash Gordon,,,,,,,,Male,Good,Other
Flash I,63.0,10.0,100.0,50.0,57.0,32.0,312.0,,,
Flash II,63.0,10.0,100.0,60.0,66.0,32.0,331.0,Male,Good,DC
Flash III,63.0,10.0,100.0,60.0,83.0,32.0,348.0,Male,Good,DC
Flash IV,63.0,10.0,100.0,32.0,59.0,48.0,312.0,Male,Good,DC
Forge,63.0,10.0,12.0,28.0,12.0,48.0,173.0,Male,Good,Marvel
Franklin Richards,,,,,,,,Male,Good,Marvel
Franklin Storm,38.0,10.0,,,,10.0,,Male,Good,Marvel
Frenzy,63.0,53.0,35.0,100.0,38.0,52.0,341.0,Female,Bad,Marvel
Frigga,,,,,,,,Female,Good,Marvel
Galactus,100.0,100.0,83.0,100.0,100.0,70.0,553.0,Male,Other,Marvel
Gambit,63.0,10.0,23.0,28.0,55.0,84.0,263.0,Male,Good,Marvel
Garbage Man,,,,,,,,Male,Good,Marvel
Gary Bell,63.0,5.0,8.0,10.0,54.0,10.0,150.0,Male,Good,Other
General Zod,94.0,100.0,96.0,100.0,94.0,95.0,579.0,Male,Bad,DC
Genesis,,,,,,,,Male,Good,Marvel
Ghost Rider,50.0,55.0,25.0,100.0,70.0,60.0,360.0,Male,Good,Marvel
Ghost Rider II,,,,,,,,Other,Good,Marvel
Giant-Man,,,,,,,,Male,Good,Marvel
Giant-Man II,,,,,,,,Male,Good,Marvel
Giganta,81.0,89.0,23.0,85.0,32.0,42.0,352.0,Female,Bad,DC
Goblin Queen,75.0,10.0,23.0,28.0,65.0,56.0,257.0,Female,Bad,Marvel
Gog,50.0,34.0,47.0,72.0,39.0,56.0,298.0,Male,Bad,Marvel
Goku,56.0,100.0,75.0,90.0,100.0,100.0,521.0,Male,Good,Other
Goliath,,,,,,,,Male,Bad,Marvel
Goliath II,,,,,,,,,,
Goliath III,,,,,,,,,,
Goliath IV,,,,,,,,Male,Good,Marvel
Granny Goodness,,,,,,,,Female,Bad,DC
Gravity,50.0,32.0,33.0,40.0,72.0,30.0,257.0,Male,Good,Marvel
Green Arrow,75.0,12.0,35.0,28.0,26.0,90.0,266.0,Male,Good,DC
Green Goblin,75.0,48.0,35.0,48.0,38.0,28.0,272.0,Male,Bad,Marvel
Green Goblin II,75.0,55.0,37.0,50.0,38.0,26.0,281.0,Male,Bad,Marvel
Green Goblin III,,,,,,,,Male,Good,Marvel
Green Goblin IV,,,,,,,,Male,Good,Marvel
Groot,75.0,85.0,33.0,70.0,92.0,64.0,419.0,Male,Good,Marvel
Guardian,,,,,,,,Male,Good,Marvel
Guy Gardner,38.0,80.0,27.0,64.0,97.0,64.0,370.0,Male,Good,DC
Hal Jordan,63.0,90.0,53.0,64.0,100.0,56.0,426.0,Male,Good,Marvel
Hancock,50.0,85.0,65.0,100.0,70.0,28.0,398.0,Male,Good,Other
Harley Quinn,81.0,12.0,23.0,42.0,30.0,80.0,268.0,Female,Bad,DC
Havok,63.0,10.0,25.0,60.0,71.0,45.0,274.0,Male,Bad,Marvel
Hawk,38.0,38.0,35.0,95.0,36.0,42.0,284.0,Male,Bad,Marvel
Hawkeye,50.0,12.0,23.0,14.0,26.0,80.0,205.0,Male,Good,Marvel
Hawkeye II,50.0,6.0,8.0,10.0,24.0,50.0,148.0,Female,Good,Marvel
Hawkgirl,50.0,28.0,53.0,99.0,74.0,72.0,376.0,Female,Good,DC
Hawkman,,,,,,,,Male,Good,DC
Hawkwoman I,,,,,,,,,,
Hawkwoman II,,,,,,,,Female,Good,DC
Hawkwoman III,,,,,,,,Female,Good,DC
Hellboy,63.0,53.0,23.0,85.0,30.0,75.0,329.0,Male,Good,Other
Hellcat,50.0,10.0,23.0,42.0,18.0,70.0,213.0,Female,Good,Marvel
Hellstorm,,,,,,,,Male,Good,Marvel
Hercules,63.0,100.0,46.0,85.0,67.0,100.0,461.0,Male,Good,Marvel
Hiro Nakamura,,,,,,,,Male,Good,Other
Hit-Girl,10.0,8.0,23.0,14.0,21.0,56.0,132.0,Female,Good,Other
Hobgoblin,,,,,,,,Male,Other,Marvel
Hollow,,,,,,,,Male,Bad,Marvel
Hope Summers,63.0,10.0,12.0,32.0,89.0,75.0,281.0,Female,Good,Marvel
Howard the Duck,,,,,,,,Male,Good,Marvel
Hulk,88.0,100.0,47.0,100.0,41.0,85.0,461.0,Male,Good,Marvel
Human Torch,56.0,10.0,63.0,70.0,74.0,42.0,315.0,Male,Good,Marvel
Huntress,69.0,10.0,23.0,28.0,34.0,95.0,259.0,Female,Bad,DC
Husk,63.0,63.0,35.0,78.0,53.0,64.0,356.0,Female,Good,Marvel
Hydro-Man,38.0,13.0,25.0,80.0,66.0,50.0,272.0,Male,Bad,Marvel
Hyperion,63.0,95.0,75.0,95.0,58.0,72.0,458.0,Male,Other,DC
Iceman,63.0,32.0,53.0,100.0,100.0,64.0,412.0,Male,Other,Marvel
Impulse,50.0,10.0,100.0,60.0,63.0,60.0,343.0,Male,Good,Marvel
Ink,38.0,28.0,17.0,40.0,66.0,50.0,239.0,Male,Good,Marvel
Invisible Woman,69.0,10.0,27.0,70.0,74.0,56.0,306.0,Female,Good,Marvel
Iron Fist,75.0,23.0,35.0,42.0,43.0,100.0,318.0,Male,Good,Marvel
Iron Man,100.0,85.0,58.0,85.0,100.0,64.0,492.0,Male,Good,Marvel
Iron Monger,88.0,63.0,25.0,90.0,57.0,56.0,379.0,Male,Bad,Marvel
Ironman,,,,,,,,,,
Isis,75.0,48.0,75.0,46.0,43.0,56.0,343.0,Female,Other,Marvel
Jack Bauer,,,,,,,,Male,Good,Other
Jack of Hearts,63.0,55.0,100.0,30.0,70.0,30.0,348.0,Male,Good,Marvel
Jack-jack,6.0,34.0,67.0,80.0,69.0,6.0,262.0,,,
Jean Grey,100.0,80.0,67.0,100.0,100.0,70.0,517.0,Female,Good,Marvel
Jennifer Kale,75.0,10.0,35.0,42.0,61.0,72.0,295.0,Female,Good,Marvel
Jessica Sanders,,,,,,,,Female,Good,Other
Jigsaw,,,,,,,,Male,Bad,Marvel
Jim Powell,38.0,38.0,23.0,80.0,23.0,20.0,222.0,Male,Good,Other
JJ Powell,88.0,10.0,8.0,10.0,14.0,10.0,140.0,Male,Good,Other
Johann Krauss,,,,,,,,Male,Good,Other
John Stewart,50.0,80.0,27.0,64.0,94.0,54.0,369.0,Male,Good,DC
John Wraith,75.0,12.0,35.0,28.0,65.0,80.0,295.0,Male,Other,Marvel
Joker,100.0,10.0,12.0,56.0,22.0,90.0,290.0,Male,Bad,DC
Jolt,63.0,12.0,27.0,32.0,31.0,42.0,207.0,Female,Good,Marvel
Jubilee,56.0,8.0,22.0,20.0,66.0,90.0,262.0,Female,Good,Marvel
Juggernaut,44.0,100.0,42.0,100.0,74.0,70.0,430.0,Male,Bad,Marvel
Junkpile,50.0,38.0,17.0,90.0,71.0,30.0,296.0,Male,Bad,Marvel
Justice,50.0,10.0,33.0,70.0,55.0,30.0,248.0,Male,Good,Marvel
Kang,100.0,48.0,58.0,70.0,71.0,70.0,417.0,Male,Bad,Marvel
Kevin 11,25.0,7.0,12.0,14.0,100.0,40.0,198.0,Male,Good,DC
Kick-Ass,10.0,10.0,23.0,14.0,21.0,56.0,134.0,Male,Good,Other
Kid Flash,25.0,4.0,92.0,42.0,13.0,30.0,206.0,Male,Good,DC
Kid Flash II,,,,,,,,Male,Good,DC
Killer Croc,25.0,48.0,33.0,85.0,36.0,60.0,287.0,Male,Bad,DC
Kilowog,81.0,90.0,53.0,42.0,100.0,80.0,446.0,Male,Good,DC
Kingpin,75.0,18.0,25.0,40.0,13.0,70.0,241.0,Male,Bad,Marvel
Klaw,63.0,38.0,33.0,100.0,62.0,60.0,356.0,Male,Bad,Marvel
Kool-Aid Man,25.0,10.0,12.0,14.0,10.0,14.0,85.0,Male,Good,Other
Kraven II,50.0,34.0,23.0,28.0,36.0,85.0,256.0,Male,Bad,Marvel
Kraven the Hunter,63.0,32.0,35.0,42.0,26.0,85.0,283.0,Male,Bad,Marvel
Krypto,9.0,80.0,100.0,90.0,72.0,40.0,391.0,Male,Good,DC
Lady Bullseye,,,,,,,,Female,Bad,Marvel
Lady Deathstrike,,,,,,,,Female,Bad,Marvel
Leader,100.0,10.0,12.0,14.0,58.0,42.0,236.0,Male,Bad,Marvel
Leech,25.0,5.0,12.0,14.0,62.0,14.0,132.0,Male,Good,Marvel
Lex Luthor,100.0,10.0,12.0,14.0,10.0,28.0,174.0,Male,Bad,DC
Light Lass,38.0,10.0,35.0,28.0,65.0,42.0,218.0,Female,Good,DC
Lightning Lad,38.0,10.0,23.0,28.0,60.0,42.0,201.0,Male,Good,DC
Lightning Lord,44.0,10.0,23.0,42.0,66.0,42.0,227.0,Male,Bad,Marvel
Living Brain,75.0,53.0,35.0,56.0,31.0,28.0,278.0,Other,Other,Marvel
Liz Sherman,,,,,,,,Female,Good,Other
Lizard,38.0,51.0,27.0,70.0,40.0,56.0,282.0,Male,Bad,Marvel
Lobo,88.0,83.0,35.0,100.0,95.0,85.0,486.0,Male,Good,Marvel
Loki,88.0,57.0,47.0,85.0,85.0,56.0,418.0,Male,Bad,DC
Longshot,50.0,10.0,27.0,10.0,71.0,70.0,238.0,Male,Good,Marvel
Luke Cage,44.0,55.0,23.0,95.0,35.0,64.0,316.0,Male,Good,Marvel
Luke Campbell,,,,,,,,Male,Bad,Other
Luna,38.0,6.0,83.0,14.0,53.0,14.0,208.0,Female,Good,Marvel
Lyja,,,,,,,,Female,Other,Marvel
Mach-IV,75.0,36.0,60.0,84.0,60.0,56.0,371.0,Male,Bad,Marvel
Machine Man,63.0,32.0,35.0,84.0,51.0,64.0,329.0,Other,Good,Marvel
Magneto,88.0,80.0,27.0,84.0,91.0,80.0,450.0,Male,Bad,Marvel
Magog,50.0,48.0,23.0,64.0,66.0,72.0,323.0,Male,Good,DC
Magus,88.0,100.0,70.0,99.0,100.0,74.0,531.0,Male,Bad,Marvel
Man-Bat,38.0,18.0,50.0,70.0,33.0,30.0,239.0,Male,Other,DC
Man-Thing,50.0,32.0,8.0,100.0,98.0,40.0,328.0,Male,Other,Marvel
Man-Wolf,63.0,44.0,35.0,42.0,38.0,70.0,292.0,Male,Good,Marvel
Mandarin,100.0,28.0,23.0,28.0,99.0,95.0,373.0,Male,Bad,Marvel
Martian Manhunter,100.0,100.0,96.0,100.0,100.0,85.0,581.0,Male,Good,DC
Marvel Girl,63.0,85.0,47.0,42.0,100.0,80.0,417.0,Female,Other,Marvel
Master Brood,,,,,,,,Male,Good,Other
Master Chief,75.0,73.0,35.0,80.0,62.0,100.0,425.0,Male,Good,Other
Match,75.0,95.0,83.0,85.0,90.0,70.0,498.0,Male,Bad,DC
Matt Parkman,63.0,10.0,12.0,14.0,59.0,56.0,214.0,Male,Good,Other
Maverick,63.0,10.0,12.0,42.0,60.0,85.0,272.0,Male,Good,Marvel
Maxima,75.0,90.0,35.0,56.0,67.0,75.0,398.0,Female,Good,DC
Maya Herrera,50.0,10.0,12.0,14.0,60.0,14.0,160.0,Female,Good,Other
Medusa,75.0,34.0,35.0,70.0,35.0,56.0,305.0,Female,Good,Marvel
Meltdown,38.0,10.0,12.0,42.0,58.0,64.0,224.0,Male,Bad,Marvel
Mephisto,88.0,85.0,35.0,95.0,100.0,42.0,445.0,Male,Bad,Marvel
Mera,56.0,62.0,54.0,70.0,55.0,70.0,367.0,Female,Good,DC
Metallo,75.0,53.0,23.0,95.0,74.0,64.0,384.0,Male,Bad,DC
Metamorpho,,,,,,,,Male,Good,DC
Meteorite,,,,,,,,Female,Good,Marvel
Metron,88.0,10.0,47.0,56.0,69.0,28.0,298.0,Male,Other,DC
Micah Sanders,63.0,8.0,12.0,14.0,57.0,14.0,168.0,Male,Good,Other
Micro Lad,38.0,28.0,27.0,28.0,44.0,32.0,197.0,Male,Good,DC
Mimic,63.0,67.0,47.0,56.0,79.0,42.0,354.0,Male,Bad,DC
Minna Murray,,,,,,,,Female,Good,Other
Misfit,63.0,32.0,23.0,80.0,62.0,42.0,302.0,Male,Bad,DC
Miss Martian,63.0,85.0,58.0,100.0,100.0,45.0,451.0,Female,Good,DC
Mister Fantastic,100.0,10.0,18.0,70.0,32.0,64.0,294.0,Male,Good,Marvel
Mister Freeze,75.0,32.0,12.0,70.0,37.0,28.0,254.0,Male,Bad,DC
Mister Mxyzptlk,113.0,10.0,12.0,14.0,100.0,28.0,277.0,Male,Other,DC
Mister Sinister,,,,,,,,Male,Bad,Marvel
Mogo,,,,,,,,Male,Good,DC
Mohinder Suresh,,,,,,,,Male,Good,Other
Moloch,,,,,,,,Male,Bad,Marvel
Molten Man,50.0,73.0,23.0,84.0,53.0,56.0,339.0,Male,Bad,Marvel
Monarch,,,,,,,,Male,Good,DC
Monica Dawson,50.0,10.0,35.0,14.0,48.0,90.0,247.0,Female,Good,Other
Moon Knight,50.0,36.0,23.0,42.0,28.0,75.0,254.0,Male,Good,Marvel
Moonstone,56.0,67.0,47.0,52.0,79.0,80.0,381.0,Female,Bad,Marvel
Morlun,63.0,60.0,35.0,42.0,59.0,56.0,315.0,Male,Bad,Marvel
Morph,,,,,,,,Male,Good,Marvel
Moses Magnum,75.0,28.0,12.0,42.0,55.0,56.0,268.0,Male,Bad,Marvel
Mr Incredible,38.0,73.0,35.0,95.0,25.0,42.0,308.0,Male,Good,Other
Ms Marvel,63.0,80.0,47.0,52.0,70.0,80.0,392.0,,,
Ms Marvel II,38.0,63.0,23.0,84.0,11.0,56.0,275.0,Female,Good,Marvel
Multiple Man,63.0,11.0,23.0,70.0,28.0,62.0,257.0,Male,Good,Marvel
Mysterio I,75.0,10.0,23.0,42.0,50.0,56.0,256.0,,,
Mystique,75.0,12.0,23.0,64.0,58.0,74.0,306.0,Female,Bad,Marvel
Namor,,,,,,,,Male,Good,Marvel
Namora,50.0,85.0,42.0,42.0,41.0,64.0,324.0,Female,Good,Marvel
Namorita,50.0,72.0,47.0,70.0,30.0,70.0,339.0,Female,Good,Marvel
Naruto Uzumaki,50.0,80.0,32.0,80.0,100.0,100.0,442.0,Male,Good,Other
Nathan Petrelli,,,,,,,,Male,Good,Other
Nick Fury,75.0,11.0,23.0,42.0,25.0,100.0,276.0,Male,Good,Marvel
Nightcrawler,50.0,10.0,47.0,14.0,52.0,80.0,253.0,Male,Good,Marvel
Nightwing,88.0,11.0,33.0,28.0,36.0,100.0,296.0,Male,Good,DC
Niki Sanders,63.0,52.0,35.0,28.0,37.0,56.0,271.0,Female,Good,Other
Nina Theroux,63.0,5.0,8.0,10.0,54.0,20.0,160.0,Female,Good,Other
Nite Owl II,,,,,,,,Male,Good,DC
Northstar,50.0,18.0,83.0,56.0,70.0,70.0,347.0,Male,Good,Marvel
Nova,100.0,85.0,67.0,101.0,100.0,85.0,538.0,Male,Good,Marvel
Nova,38.0,60.0,100.0,100.0,100.0,25.0,423.0,Male,Good,Marvel
Offspring,50.0,10.0,35.0,99.0,100.0,56.0,350.0,Male,Good,DC
Omega Red,,,,,,,,Male,Bad,Marvel
Omniscient,,,,,,,,Male,Good,Other
Onslaught,88.0,85.0,47.0,100.0,100.0,85.0,505.0,Male,Good,Marvel
Oracle (DC),75.0,11.0,23.0,28.0,19.0,76.0,232.0,,,
Osiris,75.0,85.0,60.0,95.0,65.0,42.0,422.0,Male,Good,DC
Overtkill,,,,,,,,Male,Bad,Other
Penance,,,,,,,,Other,Good,Marvel
Penance I,,,,,,,,Female,Good,Marvel
Penance II,,,,,,,,Male,Good,Marvel
Penguin,75.0,10.0,12.0,28.0,30.0,45.0,200.0,Male,Bad,DC
Peter Petrelli,63.0,28.0,23.0,28.0,69.0,56.0,267.0,Male,Good,Other
Phantom,,,,,,,,Male,Good,DC
Phantom Girl,38.0,10.0,23.0,28.0,53.0,42.0,194.0,Female,Good,DC
Phoenix,100.0,80.0,67.0,100.0,100.0,70.0,517.0,Female,Bad,Marvel
Plastic Lad,,,,,,,,Male,Good,DC
Plastic Man,50.0,63.0,23.0,100.0,100.0,56.0,392.0,Male,Good,DC
Plastique,50.0,10.0,23.0,28.0,60.0,42.0,213.0,Female,Bad,DC
Poison Ivy,69.0,14.0,23.0,14.0,71.0,36.0,227.0,Female,Bad,DC
Power Girl,88.0,98.0,67.0,95.0,67.0,75.0,490.0,Female,Good,DC
Power Man,,,,,,,,Male,Bad,Marvel
Professor X,100.0,8.0,12.0,14.0,90.0,32.0,256.0,Male,Good,Marvel
Proto-Goblin,63.0,38.0,23.0,48.0,22.0,28.0,222.0,Male,Bad,Marvel
Psylocke,,,,,,,,Female,Good,Marvel
Punisher,50.0,16.0,23.0,28.0,22.0,100.0,239.0,Male,Bad,Marvel
Pyro,38.0,10.0,12.0,14.0,50.0,28.0,152.0,Male,Bad,DC
Quantum,,,,,,,,Male,Good,Other
Question,81.0,14.0,27.0,35.0,20.0,80.0,257.0,Male,Good,DC
Quicksilver,63.0,28.0,100.0,60.0,57.0,56.0,364.0,Male,Good,Marvel
Quill,38.0,10.0,12.0,14.0,23.0,14.0,111.0,Male,Good,Marvel
Ra's Al Ghul,100.0,28.0,32.0,42.0,27.0,100.0,329.0,Male,Bad,DC
Rachel Pirzad,63.0,4.0,8.0,10.0,52.0,10.0,147.0,Female,Good,Other
Raven,50.0,10.0,29.0,70.0,62.0,40.0,261.0,Female,Other,DC
Razor-Fist II,,,,,,,,Male,Bad,Marvel
Red Arrow,63.0,16.0,25.0,20.0,24.0,80.0,228.0,Male,Good,DC
Red Hood,75.0,12.0,23.0,28.0,24.0,95.0,257.0,Male,Other,DC
Red Hulk,50.0,88.0,47.0,95.0,59.0,75.0,414.0,Male,Other,Marvel
Red Mist,25.0,10.0,23.0,14.0,20.0,56.0,148.0,Male,Bad,Other
Red Robin,81.0,11.0,27.0,32.0,29.0,80.0,260.0,Male,Good,DC
Red Skull,75.0,10.0,12.0,14.0,19.0,80.0,210.0,Male,Bad,Marvel
Red Tornado,75.0,38.0,67.0,60.0,92.0,40.0,372.0,Male,Good,DC
Redeemer II,,,,,,,,Male,Bad,Other
Redeemer III,,,,,,,,Male,Bad,Other
Renata Soliz,,,,,,,,Female,Good,Other
Rhino,25.0,80.0,43.0,90.0,37.0,85.0,360.0,Male,Bad,Marvel
Rick Flag,88.0,11.0,23.0,28.0,19.0,95.0,264.0,Male,Bad,DC
Riddler,100.0,10.0,12.0,14.0,10.0,14.0,160.0,Male,Bad,DC
Ripcord,,,,,,,,Female,Good,Marvel
Robin I,88.0,11.0,27.0,28.0,32.0,85.0,271.0,,,
Robin II,,,,,,,,Male,Good,DC
Robin III,81.0,11.0,27.0,28.0,30.0,85.0,262.0,Male,Good,DC
Robin V,69.0,8.0,33.0,16.0,29.0,65.0,220.0,Male,Good,DC
Rocket Raccoon,50.0,5.0,23.0,28.0,28.0,64.0,198.0,Male,Good,Marvel
Rogue,75.0,10.0,12.0,28.0,80.0,80.0,285.0,Female,Good,Marvel
Ronin,38.0,10.0,27.0,32.0,21.0,90.0,218.0,Male,Good,Marvel
Rorschach,75.0,10.0,29.0,20.0,23.0,80.0,237.0,Male,Good,DC
Sabretooth,55.0,53.0,25.0,90.0,28.0,100.0,351.0,Male,Bad,Marvel
Sage,75.0,10.0,12.0,14.0,28.0,56.0,195.0,Female,Good,Marvel
Sandman,50.0,75.0,47.0,97.0,62.0,56.0,387.0,Male,Other,Marvel
Sasquatch,75.0,80.0,23.0,56.0,15.0,42.0,291.0,Male,Good,Marvel
Savage Dragon,63.0,70.0,54.0,85.0,49.0,72.0,393.0,Male,Good,Other
Scarecrow,81.0,10.0,12.0,14.0,48.0,50.0,215.0,Male,Bad,Marvel
Scarlet Spider,75.0,53.0,60.0,74.0,39.0,56.0,357.0,Male,Other,Marvel
Scarlet Spider II,88.0,55.0,60.0,40.0,30.0,56.0,329.0,Male,Good,Marvel
Scarlet Witch,88.0,10.0,23.0,42.0,67.0,28.0,258.0,Female,Bad,Marvel
Scorpia,38.0,28.0,42.0,28.0,34.0,28.0,198.0,Female,Bad,Marvel
Scorpion,50.0,52.0,60.0,85.0,49.0,80.0,376.0,Male,Bad,Marvel
Sentry,75.0,80.0,58.0,84.0,97.0,54.0,448.0,Male,Other,Marvel
Shadow King,75.0,12.0,27.0,100.0,100.0,75.0,389.0,Male,Bad,Marvel
Shadowcat,88.0,8.0,21.0,25.0,69.0,70.0,281.0,Female,Good,Marvel
Shang-Chi,63.0,12.0,30.0,50.0,25.0,100.0,280.0,Male,Good,Marvel
Shatterstar,63.0,48.0,45.0,64.0,42.0,84.0,346.0,Male,Good,Marvel
She-Hulk,69.0,100.0,42.0,100.0,33.0,70.0,414.0,Female,Good,Marvel
She-Thing,,,,,,,,Female,Good,Marvel
Shocker,63.0,10.0,23.0,70.0,63.0,56.0,285.0,Male,Bad,Marvel
Shriek,50.0,10.0,23.0,28.0,45.0,42.0,198.0,Female,Good,Marvel
Shrinking Violet,,,,,,,,Female,Good,DC
Sif,50.0,57.0,25.0,52.0,19.0,70.0,273.0,Female,Good,Marvel
Silk Spectre I,,,,,,,,,,
Silk Spectre II,,,,,,,,Female,Good,DC
Silver Surfer,63.0,100.0,84.0,101.0,100.0,32.0,480.0,Male,Good,Marvel
Silverclaw,50.0,28.0,35.0,42.0,34.0,42.0,231.0,Female,Good,Marvel
Sinestro,75.0,80.0,53.0,64.0,100.0,56.0,428.0,Male,Other,DC
Siren,38.0,10.0,12.0,14.0,55.0,28.0,157.0,Female,Other,Marvel
Siren II,,,,,,,,Female,Bad,DC
Siryn,38.0,8.0,47.0,28.0,50.0,42.0,213.0,Female,Bad,Marvel
Skaar,50.0,85.0,27.0,90.0,62.0,85.0,399.0,Male,Good,Marvel
Snowbird,50.0,32.0,27.0,42.0,63.0,52.0,266.0,Female,Good,Marvel
Sobek,50.0,34.0,23.0,46.0,20.0,56.0,229.0,Male,Good,DC
Solomon Grundy,9.0,93.0,13.0,100.0,78.0,30.0,323.0,Male,Bad,DC
Songbird,75.0,36.0,27.0,42.0,55.0,56.0,291.0,Female,Good,Marvel
Space Ghost,38.0,18.0,33.0,40.0,90.0,80.0,299.0,Male,Good,DC
Spawn,75.0,60.0,50.0,90.0,100.0,95.0,470.0,Male,Good,Other
Spectre,,,,,,,,Male,Good,DC
Speedball,,,,,,,,Male,Good,Marvel
Speedy,,,,,,,,Male,Good,DC
Spider-Carnage,,,,,,,,Male,Bad,Marvel
Spider-Girl,63.0,38.0,60.0,65.0,46.0,75.0,347.0,Female,Good,Marvel
Spider-Man,88.0,55.0,60.0,74.0,58.0,85.0,420.0,Male,Good,Marvel
Spider-Woman,50.0,42.0,42.0,32.0,62.0,52.0,280.0,Female,Good,Marvel
Spider-Woman II,,,,,,,,Female,Good,Marvel
Spider-Woman III,50.0,48.0,27.0,42.0,60.0,28.0,255.0,Female,Good,Marvel
Spider-Woman IV,,,,,,,,Female,Bad,Marvel
Spiderman,,,,,,,,Male,Bad,Marvel
Spyke,50.0,12.0,17.0,60.0,41.0,30.0,210.0,Male,Good,Marvel
Stacy X,,,,,,,,Female,Good,Marvel
Stardust,88.0,85.0,100.0,110.0,100.0,85.0,568.0,Male,Good,Marvel
Starfire,50.0,80.0,33.0,85.0,59.0,70.0,377.0,Female,Good,DC
Stargirl,50.0,40.0,27.0,90.0,71.0,56.0,334.0,Female,Good,DC
Steel,81.0,82.0,53.0,90.0,64.0,64.0,434.0,Male,Good,Marvel
Stephanie Powell,69.0,10.0,54.0,10.0,17.0,10.0,170.0,Female,Good,Other
Storm,75.0,10.0,47.0,30.0,88.0,75.0,325.0,Female,Good,DC
Sub-Mariner,63.0,80.0,47.0,56.0,37.0,84.0,367.0,Male,Bad,Marvel
Sunspot,63.0,63.0,35.0,25.0,79.0,70.0,335.0,Male,Bad,DC
Super Moos,8.0,,,10.0,65.0,40.0,,,,
Superboy,75.0,95.0,83.0,90.0,84.0,60.0,487.0,Male,Good,DC
Superboy-Prime,94.0,100.0,100.0,100.0,100.0,85.0,579.0,Male,Bad,DC
Supergirl,94.0,98.0,92.0,100.0,85.0,75.0,544.0,Female,Good,DC
Superman,100.0,100.0,100.0,100.0,94.0,85.0,579.0,Male,Good,DC
Swamp Thing,88.0,80.0,23.0,100.0,66.0,56.0,413.0,Male,Good,DC
Sylar,75.0,10.0,12.0,28.0,91.0,56.0,272.0,Male,Bad,Other
Synch,75.0,67.0,23.0,28.0,74.0,56.0,323.0,Male,Good,Marvel
Tempest,38.0,10.0,45.0,28.0,62.0,60.0,243.0,Female,Good,Marvel
Thanos,88.0,100.0,17.0,100.0,100.0,80.0,485.0,Male,Bad,Marvel
The Cape,38.0,10.0,23.0,32.0,22.0,64.0,189.0,Male,Good,Other
The Comedian,63.0,14.0,17.0,10.0,12.0,80.0,196.0,Male,Other,DC
Thing,75.0,84.0,21.0,90.0,26.0,80.0,376.0,Male,Other,Marvel
Thor,69.0,100.0,92.0,100.0,100.0,85.0,546.0,Male,Good,Marvel
Thor Girl,75.0,83.0,70.0,84.0,100.0,70.0,482.0,Female,Good,Marvel
Thunderbird,50.0,32.0,27.0,32.0,14.0,70.0,225.0,Male,Other,Marvel
Thunderbird II,,,,,,,,Male,Good,Marvel
Thunderbird III,,,,,,,,Male,Good,Marvel
Thunderstrike,63.0,80.0,70.0,84.0,31.0,72.0,400.0,Male,Good,Marvel
Thundra,38.0,81.0,32.0,64.0,26.0,54.0,295.0,Female,Good,Marvel
Tiger Shark,38.0,72.0,42.0,70.0,21.0,28.0,271.0,Male,Bad,Marvel
Tigra,63.0,32.0,53.0,38.0,33.0,90.0,309.0,Female,Other,DC
Tinkerer,100.0,10.0,23.0,14.0,10.0,14.0,171.0,Male,Bad,Marvel
Titan,,,,,,,,Male,Other,Marvel
Toad,50.0,34.0,58.0,56.0,49.0,28.0,275.0,Male,Other,Marvel
Toxin,56.0,73.0,70.0,84.0,75.0,70.0,428.0,Male,Good,Marvel
Tracy Strauss,,,,,,,,Female,Good,Other
Trickster,,,,,,,,Male,Other,DC
Triplicate Girl,63.0,10.0,23.0,42.0,44.0,42.0,224.0,Female,Good,DC
Two-Face,88.0,10.0,12.0,14.0,9.0,28.0,161.0,Male,Bad,DC
Ultragirl,50.0,80.0,35.0,70.0,35.0,80.0,350.0,Female,Good,Marvel
Ultron,88.0,83.0,42.0,100.0,100.0,64.0,477.0,Male,Bad,Marvel
Utgard-Loki,50.0,80.0,23.0,84.0,72.0,64.0,373.0,Male,Bad,Marvel
Vagabond,,,,,,,,Female,Good,Marvel
Valerie Hart,,,,,,,,Female,Good,Other
Valkyrie,,,,,,,,Female,Good,Marvel
Vanisher,63.0,10.0,75.0,56.0,39.0,42.0,285.0,Male,Other,Marvel
Venom,75.0,57.0,65.0,84.0,79.0,84.0,444.0,Other,Other,Marvel
Venom II,50.0,57.0,47.0,70.0,54.0,56.0,334.0,Male,Bad,Marvel
Venom III,63.0,73.0,35.0,90.0,66.0,56.0,383.0,Male,Bad,Marvel
Vertigo II,,,,,,,,Female,Good,Marvel
Vindicator,,,,,,,,Male,Good,Marvel
Vindicator II,63.0,63.0,53.0,64.0,56.0,70.0,369.0,,,
Violator,,,,,,,,Male,Bad,Other
Violet,10.0,4.0,12.0,28.0,65.0,14.0,133.0,Female,Other,DC
Vision,100.0,72.0,54.0,95.0,76.0,70.0,467.0,Male,Good,Marvel
Vision II,,,,,,,,Other,Good,Marvel
Vulcan,,,,,,,,Male,Good,DC
Vulture,63.0,22.0,47.0,56.0,40.0,56.0,284.0,Male,Bad,Marvel
Walrus,50.0,28.0,8.0,50.0,11.0,20.0,167.0,Male,Bad,Marvel
War Machine,63.0,80.0,63.0,100.0,100.0,85.0,491.0,Male,Good,Marvel
Warbird,,,,,,,,Female,Good,Marvel
Warlock,88.0,36.0,79.0,95.0,71.0,95.0,464.0,Male,Good,Marvel
Warp,38.0,10.0,23.0,28.0,63.0,50.0,212.0,Male,Bad,DC
Warpath,38.0,72.0,47.0,70.0,26.0,84.0,337.0,Male,Good,Marvel
Wasp,63.0,8.0,58.0,52.0,23.0,42.0,246.0,Female,Good,Marvel
Watcher,100.0,80.0,67.0,89.0,100.0,56.0,492.0,Male,Good,Marvel
Weapon XI,,,,,,,,Male,Bad,Marvel
White Queen,,,,,,,,Female,Good,Marvel
Wildfire,50.0,32.0,23.0,100.0,77.0,42.0,324.0,Male,Good,DC
Willis Stryker,38.0,16.0,23.0,28.0,41.0,60.0,206.0,Male,Bad,Marvel
Winter Soldier,56.0,32.0,35.0,65.0,60.0,84.0,332.0,Male,Good,Marvel
Wiz Kid,,,,,,,,Other,Good,Marvel
Wolfsbane,38.0,16.0,35.0,42.0,26.0,42.0,199.0,Female,Good,Marvel
Wolverine,55.0,32.0,38.0,100.0,44.0,100.0,369.0,Male,Other,Marvel
Wonder Girl,75.0,90.0,25.0,80.0,39.0,60.0,369.0,Female,Good,DC
Wonder Man,75.0,100.0,53.0,90.0,64.0,64.0,446.0,Male,Good,Marvel
Wonder Woman,88.0,100.0,50.0,100.0,42.0,100.0,480.0,Female,Good,DC
Wondra,,,,,,,,Female,Good,Marvel
Wyatt Wingfoot,10.0,10.0,12.0,,,56.0,,Male,Good,Marvel
X-23,75.0,24.0,35.0,90.0,27.0,85.0,336.0,Female,Good,Marvel
X-Man,88.0,53.0,53.0,95.0,92.0,84.0,465.0,Male,Good,Marvel
Yellow Claw,,,,,,,,Male,Bad,Marvel
Yellowjacket,88.0,10.0,12.0,28.0,12.0,14.0,164.0,Male,Good,Marvel
Yellowjacket II,50.0,10.0,35.0,28.0,31.0,28.0,182.0,Female,Good,Marvel
Ymir,50.0,100.0,27.0,100.0,83.0,28.0,388.0,Male,Bad,Marvel
Zatanna,75.0,10.0,23.0,28.0,100.0,56.0,292.0,Female,Good,DC
Zoom,50.0,10.0,100.0,28.0,72.0,28.0,288.0,Male,Bad,DC
